SET MODE Oracle;

INSERT INTO "BST_ISE_SCH01"."TRIAGE_ISSU_LKP" (ISSU_ID,ISSU_DESC,TOOLTIP,DISPL_ORD,ACT_FLG,CREATED_BY,CREATED_DATE,AMENDED_BY,AMENDED_ON) 
VALUES (21,'Issue1','Tooltip1',21,1,'a1003810',SYSDATE,'a1003810',SYSDATE);

INSERT INTO "BST_ISE_SCH01"."TRIAGE_ISSU_LKP" (ISSU_ID,ISSU_DESC,TOOLTIP,DISPL_ORD,ACT_FLG,CREATED_BY,CREATED_DATE,AMENDED_BY,AMENDED_ON) 
VALUES (22,'Issue2','Tooltip2',22,1,'a1003810',SYSDATE,'a1003810',SYSDATE);

INSERT INTO "BST_ISE_SCH01"."TRIAGE_RCMD" (RCMD_ID,RCMD,ISSU_ID,CREATED_BY,CREATED_DATE,AMENDED_BY,AMENDED_ON) 
VALUES (21,'Recommendation1',21,'a1003810',SYSDATE,'a1003810',SYSDATE);

INSERT INTO "BST_ISE_SCH01"."TRIAGE_RCMD" (RCMD_ID,RCMD,ISSU_ID,CREATED_BY,CREATED_DATE,AMENDED_BY,AMENDED_ON) 
VALUES (22,'Recommendation2',22,'a1003810',SYSDATE,'a1003810',SYSDATE);

INSERT INTO "BST_ISE_SCH01"."TRIAGE_RSLN_LKP" (RSNL_ID,RSLN_DESC,DISPL_ORD,ACT_FLG,CREATED_BY,CREATED_DATE,AMENDED_BY,AMENDED_ON) 
VALUES (21,'Resolved1',21,1,'a1003810',SYSDATE,'a1003810',SYSDATE);

INSERT INTO "BST_ISE_SCH01"."TRIAGE_RSLN_LKP" (RSNL_ID,RSLN_DESC,DISPL_ORD,ACT_FLG,CREATED_BY,CREATED_DATE,AMENDED_BY,AMENDED_ON) 
VALUES (22,'Resolved2',22,1,'a1003810',SYSDATE,'a1003810',SYSDATE);

INSERT INTO BST_ISE_SCH01.TRIAGE_ACTN (ACTN_ID,ACTN,ACT_FLG,CREATED_BY,CREATED_DATE,AMENDED_BY,AMENDED_ON) 
VALUES (4,'Action4',1,'a1003810',SYSDATE,'a1003810',SYSDATE);

INSERT INTO BST_ISE_SCH01.TRIAGE_ACTN (ACTN_ID,ACTN,ACT_FLG,CREATED_BY,CREATED_DATE,AMENDED_BY,AMENDED_ON) 
VALUES (6,'Action6',1,'a1003810',SYSDATE,'a1003810',SYSDATE);

INSERT INTO BST_ISE_SCH01.TRIAGE_ACTN (ACTN_ID,ACTN,ACT_FLG,CREATED_BY,CREATED_DATE,AMENDED_BY,AMENDED_ON) 
VALUES (8,'Action8',0,'a1003810',SYSDATE,'a1003810',SYSDATE);

INSERT INTO BST_ISE_SCH01.TRIAGE_RCMD_ACTN (RCMD_ACTN_ID,DISPL_ORD,ACTN_ID,RCMD_ID,CREATED_BY,CREATED_DATE,AMENDED_BY,AMENDED_ON) 
VALUES (4,1,4,21,'a1003810',SYSDATE,'a1003810',SYSDATE);

INSERT INTO BST_ISE_SCH01.TRIAGE_RCMD_ACTN (RCMD_ACTN_ID,DISPL_ORD,ACTN_ID,RCMD_ID,CREATED_BY,CREATED_DATE,AMENDED_BY,AMENDED_ON) 
VALUES (8,2,8,21,'a1003810',SYSDATE,'a1003810',SYSDATE);

INSERT INTO BST_ISE_SCH01.TRIAGE_RCMD_ACTN (RCMD_ACTN_ID,DISPL_ORD,ACTN_ID,RCMD_ID,CREATED_BY,CREATED_DATE,AMENDED_BY,AMENDED_ON) 
VALUES (6,3,6,21,'a1003810',SYSDATE,'a1003810',SYSDATE);

INSERT INTO BST_ISE_SCH01.SKU (SKU,CREATED_BY,CREATED_DATE)
VALUES ('0','a1003810',SYSDATE);

INSERT INTO BST_ISE_SCH01.SKU (SKU,CREATED_BY,CREATED_DATE)
VALUES ('1','a1003810',SYSDATE);

INSERT INTO BST_ISE_SCH01.SKU (SKU,CREATED_BY,CREATED_DATE)
VALUES ('2','a1003810',SYSDATE);

INSERT INTO BST_ISE_SCH01.TRIAGE_RCMD_SKU (RCMD_ID,SKU,CREATED_BY,CREATED_DATE)
VALUES (21,'1','a1003810',SYSDATE);

INSERT INTO BST_ISE_SCH01.TRIAGE_RCMD_SKU (RCMD_ID,SKU,CREATED_BY,CREATED_DATE)
VALUES (22,'0','a1003810',SYSDATE);

INSERT INTO BST_ISE_SCH01.TRIAGE_RCMD_SKU (RCMD_ID,SKU,CREATED_BY,CREATED_DATE)
VALUES (22,'1','a1003810',SYSDATE);

INSERT INTO BST_ISE_SCH01.TRIAGE_RCMD_SKU (RCMD_ID,SKU,CREATED_BY,CREATED_DATE)
VALUES (22,'2','a1003810',SYSDATE);
